age,education,black,hispanic,married,nodegree,re74,re75,T,Y_factual,Y0,Y1,which_imputed
37.0,11.0,1.0,0.0,1.0,1.0,0.0,0.0,1,9930.046,2692.5836195423362,9930.046,Y0
22.0,9.0,0.0,1.0,0.0,1.0,0.0,0.0,1,3595.894,6640.751640648448,3595.894,Y0
30.0,12.0,1.0,0.0,0.0,0.0,0.0,0.0,1,24909.45,7013.639746360797,24909.45,Y0
27.0,11.0,1.0,0.0,0.0,1.0,0.0,0.0,1,7506.146,3890.990336258169,7506.146,Y0
33.0,8.0,1.0,0.0,0.0,1.0,0.0,0.0,1,289.7899,3002.0542121440867,289.7899,Y0
22.0,9.0,1.0,0.0,0.0,1.0,0.0,0.0,1,4056.494,3348.475891217188,4056.494,Y0
23.0,12.0,1.0,0.0,0.0,0.0,0.0,0.0,1,0.0,914.1537352144857,0.0,Y0
32.0,11.0,1.0,0.0,0.0,1.0,0.0,0.0,1,8472.158,6251.356572192104,8472.158,Y0
22.0,16.0,1.0,0.0,0.0,0.0,0.0,0.0,1,2164.022,4300.78245609838,2164.022,Y0
33.0,12.0,0.0,0.0,1.0,0.0,0.0,0.0,1,12418.07,3516.8233976401184,12418.07,Y0
19.0,9.0,1.0,0.0,0.0,1.0,0.0,0.0,1,8173.908,4014.5167637231207,8173.908,Y0
21.0,13.0,1.0,0.0,0.0,0.0,0.0,0.0,1,17094.64,2459.8932450314755,17094.64,Y0
18.0,8.0,1.0,0.0,0.0,1.0,0.0,0.0,1,0.0,4576.925872341958,0.0,Y0
27.0,10.0,1.0,0.0,1.0,1.0,0.0,0.0,1,18739.93,2252.208223920572,18739.93,Y0
17.0,7.0,1.0,0.0,0.0,1.0,0.0,0.0,1,3023.879,6564.519503821298,3023.879,Y0
19.0,10.0,1.0,0.0,0.0,1.0,0.0,0.0,1,3228.503,2564.901335187547,3228.503,Y0
27.0,13.0,1.0,0.0,0.0,0.0,0.0,0.0,1,14581.86,4382.247160639085,14581.86,Y0
23.0,10.0,1.0,0.0,0.0,1.0,0.0,0.0,1,7693.4,1784.3134680669798,7693.4,Y0
40.0,12.0,1.0,0.0,0.0,0.0,0.0,0.0,1,10804.32,2927.359034037828,10804.32,Y0
26.0,12.0,1.0,0.0,0.0,0.0,0.0,0.0,1,10747.35,3777.6274899636937,10747.35,Y0
23.0,11.0,1.0,0.0,0.0,1.0,0.0,0.0,1,0.0,1687.5791075802765,0.0,Y0
41.0,14.0,0.0,0.0,0.0,0.0,0.0,0.0,1,5149.501,5483.116491838006,5149.501,Y0
38.0,9.0,0.0,0.0,0.0,1.0,0.0,0.0,1,6408.95,2101.3959601929937,6408.95,Y0
24.0,11.0,1.0,0.0,0.0,1.0,0.0,0.0,1,1991.4,3930.3874256365434,1991.4,Y0
18.0,10.0,1.0,0.0,0.0,1.0,0.0,0.0,1,11163.17,4071.3252198453824,11163.17,Y0
29.0,11.0,1.0,0.0,1.0,1.0,0.0,0.0,1,9642.999,2404.29833155461,9642.999,Y0
25.0,11.0,1.0,0.0,0.0,1.0,0.0,0.0,1,9897.049,3833.655794457689,9897.049,Y0
27.0,10.0,0.0,1.0,0.0,1.0,0.0,0.0,1,11142.87,8961.652728269193,11142.87,Y0
17.0,10.0,1.0,0.0,0.0,1.0,0.0,0.0,1,16218.04,2278.7896548068343,16218.04,Y0
24.0,11.0,1.0,0.0,0.0,1.0,0.0,0.0,1,995.7002,3930.3874256365434,995.7002,Y0
17.0,10.0,1.0,0.0,0.0,1.0,0.0,0.0,1,0.0,2278.7896548068343,0.0,Y0
48.0,4.0,1.0,0.0,0.0,1.0,0.0,0.0,1,6551.592,4309.397443362377,6551.592,Y0
25.0,11.0,1.0,0.0,1.0,1.0,0.0,0.0,1,1574.424,2288.4501767275733,1574.424,Y0
20.0,12.0,1.0,0.0,0.0,0.0,0.0,0.0,1,0.0,1945.8179740604446,0.0,Y0
25.0,12.0,1.0,0.0,0.0,0.0,0.0,0.0,1,3191.753,2823.13587306834,3191.753,Y0
42.0,14.0,1.0,0.0,0.0,0.0,0.0,0.0,1,20505.93,7266.267685645345,20505.93,Y0
25.0,5.0,1.0,0.0,0.0,1.0,0.0,0.0,1,6181.88,1009.3734855074694,6181.88,Y0
23.0,12.0,1.0,0.0,1.0,0.0,0.0,0.0,1,5911.551,519.5783421405307,5911.551,Y0
46.0,8.0,1.0,0.0,1.0,1.0,0.0,0.0,1,3094.156,3911.5971243804706,3094.156,Y0
24.0,10.0,1.0,0.0,0.0,1.0,0.0,0.0,1,0.0,4027.121786123248,0.0,Y0
21.0,12.0,1.0,0.0,0.0,0.0,0.0,0.0,1,1254.582,1855.2735743560863,1254.582,Y0
19.0,9.0,0.0,0.0,0.0,1.0,0.0,0.0,1,13188.83,4861.841192876851,13188.83,Y0
17.0,8.0,1.0,0.0,0.0,1.0,0.0,0.0,1,8061.485,7209.90231767909,8061.485,Y0
18.0,8.0,0.0,1.0,1.0,1.0,0.0,0.0,1,2787.96,17627.585159161907,2787.96,Y0
20.0,11.0,1.0,0.0,0.0,1.0,0.0,0.0,1,3972.54,2719.243346426234,3972.54,Y0
25.0,11.0,1.0,0.0,1.0,1.0,0.0,0.0,1,0.0,2288.4501767275733,0.0,Y0
17.0,8.0,1.0,0.0,0.0,1.0,0.0,0.0,1,0.0,7209.90231767909,0.0,Y0
17.0,9.0,1.0,0.0,0.0,1.0,0.0,0.0,1,0.0,3295.4015731650998,0.0,Y0
25.0,5.0,1.0,0.0,0.0,1.0,0.0,0.0,1,12187.41,1009.3734855074694,12187.41,Y0
23.0,12.0,1.0,0.0,0.0,0.0,0.0,0.0,1,4843.176,914.1537352144857,4843.176,Y0
28.0,8.0,1.0,0.0,0.0,1.0,0.0,0.0,1,0.0,2710.013902551157,0.0,Y0
31.0,11.0,1.0,0.0,1.0,1.0,0.0,0.0,1,8087.487,5026.396587312608,8087.487,Y0
18.0,11.0,1.0,0.0,0.0,1.0,0.0,0.0,1,0.0,3974.590859358678,0.0,Y0
25.0,12.0,1.0,0.0,0.0,0.0,0.0,0.0,1,2348.973,2823.13587306834,2348.973,Y0
30.0,11.0,1.0,0.0,1.0,1.0,0.0,0.0,1,590.7818,4974.859287230259,590.7818,Y0
17.0,10.0,1.0,0.0,0.0,1.0,0.0,0.0,1,0.0,2278.7896548068343,0.0,Y0
37.0,9.0,1.0,0.0,0.0,1.0,0.0,0.0,1,1067.506,3833.0230531403254,1067.506,Y0
41.0,4.0,1.0,0.0,1.0,1.0,0.0,0.0,1,7284.986,1688.4062062315986,7284.986,Y0
42.0,14.0,1.0,0.0,1.0,0.0,0.0,0.0,1,13167.52,6996.8837686218285,13167.52,Y0
22.0,11.0,0.0,0.0,0.0,1.0,0.0,0.0,1,1048.432,4375.417047764945,1048.432,Y0
17.0,8.0,1.0,0.0,0.0,1.0,0.0,0.0,1,0.0,7209.90231767909,0.0,Y0
29.0,8.0,1.0,0.0,0.0,1.0,0.0,0.0,1,1923.938,2749.97822200871,1923.938,Y0
35.0,10.0,1.0,0.0,0.0,1.0,0.0,0.0,1,4666.236,2983.218184974454,4666.236,Y0
27.0,11.0,1.0,0.0,0.0,1.0,0.0,0.0,1,549.2984,3890.990336258169,549.2984,Y0
29.0,4.0,1.0,0.0,0.0,1.0,0.0,0.0,1,762.9146,-962.3171034181405,762.9146,Y0
28.0,9.0,1.0,0.0,0.0,1.0,0.0,0.0,1,10694.29,4260.851651538391,10694.29,Y0
27.0,11.0,1.0,0.0,0.0,1.0,0.0,0.0,1,0.0,3890.990336258169,0.0,Y0
23.0,7.0,0.0,0.0,0.0,1.0,0.0,0.0,1,0.0,2983.4567819852145,0.0,Y0
45.0,5.0,1.0,0.0,1.0,1.0,0.0,0.0,1,8546.715,3238.4113277345823,8546.715,Y0
29.0,13.0,1.0,0.0,0.0,0.0,0.0,0.0,1,7479.656,3247.485945017959,7479.656,Y0
27.0,9.0,1.0,0.0,0.0,1.0,0.0,0.0,1,0.0,5185.730522742394,0.0,Y0
46.0,13.0,1.0,0.0,0.0,0.0,0.0,0.0,1,647.2046,9770.979610531795,647.2046,Y0
18.0,6.0,1.0,0.0,0.0,1.0,0.0,0.0,1,0.0,4075.2501299244736,0.0,Y0
25.0,12.0,1.0,0.0,0.0,0.0,0.0,0.0,1,11965.81,2823.13587306834,11965.81,Y0
28.0,15.0,1.0,0.0,0.0,0.0,0.0,0.0,1,9598.541,5305.828071958074,9598.541,Y0
25.0,11.0,0.0,0.0,0.0,1.0,0.0,0.0,1,18783.35,8756.309592298707,18783.35,Y0
22.0,12.0,1.0,0.0,0.0,0.0,0.0,0.0,1,18678.08,914.1537352144857,18678.08,Y0
21.0,9.0,1.0,0.0,0.0,1.0,0.0,0.0,1,0.0,4175.048735744154,0.0,Y0
40.0,11.0,1.0,0.0,0.0,1.0,0.0,0.0,1,23005.6,2866.827565747836,23005.6,Y0
22.0,11.0,1.0,0.0,0.0,1.0,0.0,0.0,1,6456.697,1687.5791075802765,6456.697,Y0
25.0,12.0,1.0,0.0,0.0,0.0,0.0,0.0,1,0.0,2823.13587306834,0.0,Y0
18.0,12.0,1.0,0.0,0.0,0.0,0.0,0.0,1,2321.107,3064.1293026465983,2321.107,Y0
38.0,12.0,0.0,0.0,0.0,0.0,0.0,0.0,1,4941.849,4162.207518412334,4941.849,Y0
27.0,13.0,1.0,0.0,0.0,0.0,0.0,0.0,1,0.0,4382.247160639085,0.0,Y0
27.0,8.0,1.0,0.0,0.0,1.0,0.0,0.0,1,0.0,3634.8927737551603,0.0,Y0
38.0,11.0,1.0,0.0,0.0,1.0,0.0,0.0,1,0.0,3804.3518113467867,0.0,Y0
23.0,8.0,0.0,1.0,0.0,1.0,0.0,0.0,1,3881.284,7207.337931408252,3881.284,Y0
26.0,11.0,1.0,0.0,0.0,1.0,0.0,0.0,1,17230.96,3890.990336258169,17230.96,Y0
21.0,12.0,0.0,0.0,0.0,0.0,0.0,0.0,1,8048.603,5550.27926555428,8048.603,Y0
25.0,8.0,1.0,0.0,0.0,1.0,0.0,0.0,1,0.0,3948.5346845611634,0.0,Y0
31.0,11.0,1.0,0.0,1.0,1.0,0.0,0.0,1,14509.93,5026.396587312608,14509.93,Y0
17.0,10.0,1.0,0.0,0.0,1.0,0.0,0.0,1,0.0,2278.7896548068343,0.0,Y0
25.0,11.0,1.0,0.0,0.0,1.0,0.0,0.0,1,0.0,3833.655794457689,0.0,Y0
21.0,12.0,1.0,0.0,0.0,0.0,0.0,0.0,1,9983.784,1855.2735743560863,9983.784,Y0
44.0,11.0,1.0,0.0,0.0,1.0,0.0,0.0,1,0.0,4523.7345304128885,0.0,Y0
25.0,12.0,0.0,0.0,0.0,0.0,0.0,0.0,1,5587.503,9913.380068425098,5587.503,Y0
18.0,9.0,1.0,0.0,0.0,1.0,0.0,0.0,1,4482.845,5520.940648380961,4482.845,Y0
42.0,12.0,1.0,0.0,0.0,0.0,0.0,0.0,1,2456.153,4584.265998702877,2456.153,Y0
25.0,10.0,1.0,0.0,0.0,1.0,0.0,0.0,1,0.0,3930.3901549443926,0.0,Y0
31.0,9.0,0.0,1.0,0.0,1.0,0.0,0.0,1,26817.6,4016.4770361309047,26817.6,Y0
24.0,10.0,1.0,0.0,0.0,1.0,0.0,0.0,1,0.0,4027.121786123248,0.0,Y0
26.0,10.0,1.0,0.0,0.0,1.0,0.0,0.0,1,9265.788,3987.7246967448727,9265.788,Y0
25.0,11.0,1.0,0.0,0.0,1.0,0.0,0.0,1,485.2298,3833.655794457689,485.2298,Y0
18.0,11.0,1.0,0.0,0.0,1.0,0.0,0.0,1,4814.627,3974.590859358678,4814.627,Y0
19.0,11.0,1.0,0.0,0.0,1.0,0.0,0.0,1,7458.105,2468.166974700843,7458.105,Y0
43.0,9.0,1.0,0.0,0.0,1.0,0.0,0.0,1,0.0,6811.764176293693,0.0,Y0
27.0,13.0,1.0,0.0,0.0,0.0,0.0,0.0,1,34099.28,4382.247160639085,34099.28,Y0
17.0,9.0,1.0,0.0,0.0,1.0,0.0,0.0,1,1953.268,3295.4015731650998,1953.268,Y0
30.0,11.0,1.0,0.0,0.0,1.0,0.0,0.0,1,0.0,6199.819272109755,0.0,Y0
26.0,10.0,1.0,0.0,1.0,1.0,2027.999,0.0,1,0.0,2459.768596916312,0.0,Y0
20.0,9.0,1.0,0.0,0.0,1.0,6083.994,0.0,1,8881.665,2314.815791854369,8881.665,Y0
17.0,9.0,0.0,1.0,0.0,1.0,445.1704,74.34345,1,6210.67,13254.557742229068,6210.67,Y0
20.0,12.0,1.0,0.0,0.0,0.0,989.2678,165.2077,1,0.0,2546.7077224271397,0.0,Y0
18.0,11.0,1.0,0.0,0.0,1.0,858.2543,214.5636,1,929.8839,4270.597383568511,929.8839,Y0
27.0,12.0,1.0,0.0,1.0,0.0,3670.872,334.0493,1,0.0,1328.9071699061064,0.0,Y0
21.0,12.0,0.0,0.0,0.0,0.0,3670.872,334.0494,1,12558.02,3602.1907596981114,12558.02,Y0
27.0,12.0,1.0,0.0,0.0,0.0,2143.413,357.9499,1,22163.25,2423.7079229949322,22163.25,Y0
20.0,12.0,1.0,0.0,0.0,0.0,0.0,377.5686,1,1652.637,2021.3270075880127,1652.637,Y0
19.0,10.0,1.0,0.0,0.0,1.0,0.0,385.2741,1,8124.715,2492.6248889480185,8124.715,Y0
23.0,12.0,1.0,0.0,0.0,0.0,5506.308,501.0741,1,671.3318,-3183.9641685993047,671.3318,Y0
29.0,14.0,1.0,0.0,0.0,0.0,0.0,679.6734,1,17814.98,3267.423435300352,17814.98,Y0
18.0,10.0,1.0,0.0,0.0,1.0,0.0,798.9079,1,9737.154,7928.886066875674,9737.154,Y0
19.0,9.0,1.0,0.0,0.0,1.0,0.0,798.9079,1,17685.18,7400.765159735804,17685.18,Y0
27.0,13.0,0.0,0.0,1.0,0.0,9381.566,853.7225,1,0.0,7882.245318448898,0.0,Y0
18.0,11.0,0.0,0.0,0.0,1.0,3678.231,919.5579,1,4321.705,4304.254947077958,4321.705,Y0
27.0,9.0,1.0,0.0,1.0,1.0,0.0,934.4454,1,1773.423,3399.865353121127,1773.423,Y0
22.0,12.0,1.0,0.0,0.0,0.0,5605.852,936.1773,1,0.0,-2337.8604379328917,0.0,Y0
23.0,10.0,1.0,0.0,1.0,1.0,0.0,936.4386,1,11233.26,1838.534042898908,11233.26,Y0
23.0,12.0,0.0,1.0,0.0,0.0,9385.74,1117.439,1,559.4432,15402.690869016684,559.4432,Y0
20.0,11.0,1.0,0.0,0.0,1.0,3637.498,1220.836,1,1085.44,5354.571660568025,1085.44,Y0
17.0,9.0,1.0,0.0,0.0,1.0,1716.509,1253.439,1,5445.2,2101.5456302164675,5445.2,Y0
28.0,11.0,1.0,0.0,0.0,1.0,0.0,1284.079,1,60307.93,7154.104339023709,60307.93,Y0
26.0,11.0,1.0,0.0,1.0,1.0,0.0,1392.853,1,1460.36,1822.9656504282314,1460.36,Y0
20.0,11.0,1.0,0.0,0.0,1.0,16318.62,1484.994,1,6943.342,-101.65144528897146,6943.342,Y0
24.0,11.0,1.0,0.0,1.0,1.0,824.3886,1666.113,1,4032.708,2416.1199228841747,4032.708,Y0
31.0,9.0,1.0,0.0,0.0,1.0,0.0,1698.607,1,10363.27,2906.0189588265107,10363.27,Y0
23.0,8.0,0.0,0.0,1.0,1.0,0.0,1713.15,1,4232.309,4046.2806587745413,4232.309,Y0
18.0,10.0,1.0,0.0,0.0,1.0,2143.411,1784.274,1,11141.39,2948.3786502324856,11141.39,Y0
29.0,12.0,1.0,0.0,0.0,0.0,10881.94,1817.284,1,0.0,13022.663320085878,0.0,Y0
26.0,11.0,0.0,0.0,0.0,1.0,0.0,2226.266,1,13385.86,10492.264592630032,13385.86,Y0
24.0,9.0,1.0,0.0,0.0,1.0,9154.7,2288.675,1,4849.559,7330.800664586144,4849.559,Y0
25.0,12.0,1.0,0.0,0.0,0.0,14426.79,2409.274,1,0.0,368.02680431470617,0.0,Y0
24.0,10.0,1.0,0.0,0.0,1.0,4250.402,2421.947,1,1660.508,5987.493763513242,1660.508,Y0
46.0,8.0,1.0,0.0,0.0,1.0,3165.658,2594.723,1,0.0,4154.929678573953,0.0,Y0
31.0,12.0,0.0,0.0,0.0,0.0,0.0,2611.218,1,2484.549,2804.0347660023926,2484.549,Y0
19.0,11.0,1.0,0.0,0.0,1.0,2305.026,2615.276,1,4146.603,2373.767379313878,4146.603,Y0
19.0,8.0,1.0,0.0,0.0,1.0,0.0,2657.057,1,9970.681,2467.7415426481703,9970.681,Y0
27.0,11.0,1.0,0.0,0.0,1.0,2206.94,2666.274,1,0.0,3249.1453839430924,0.0,Y0
26.0,11.0,1.0,0.0,1.0,1.0,0.0,2754.646,1,26372.28,2188.7153941034003,26372.28,Y0
20.0,10.0,1.0,0.0,0.0,1.0,5005.731,2777.355,1,5615.189,4105.567102063527,5615.189,Y0
28.0,10.0,1.0,0.0,0.0,1.0,0.0,2836.506,1,3196.571,3737.316080537524,3196.571,Y0
24.0,12.0,1.0,0.0,0.0,0.0,13765.75,2842.764,1,6167.681,1088.4756392490144,6167.681,Y0
19.0,8.0,1.0,0.0,0.0,1.0,2636.353,2937.264,1,7535.942,4770.292430502057,7535.942,Y0
23.0,12.0,1.0,0.0,0.0,0.0,6269.341,3039.96,1,8484.239,-363.05116330665504,8484.239,Y0
42.0,9.0,1.0,0.0,1.0,1.0,0.0,3058.531,1,1294.409,4670.53931703514,1294.409,Y0
25.0,13.0,1.0,0.0,0.0,0.0,12362.93,3090.732,1,0.0,9103.149477514911,0.0,Y0
18.0,9.0,1.0,0.0,0.0,1.0,0.0,3287.375,1,5010.342,5608.341968770819,5010.342,Y0
21.0,12.0,1.0,0.0,0.0,0.0,6473.683,3332.409,1,9371.037,4376.788150369447,9371.037,Y0
27.0,10.0,1.0,0.0,0.0,1.0,1001.146,3550.075,1,0.0,2569.804113679383,0.0,Y0
21.0,8.0,1.0,0.0,0.0,1.0,989.2678,3695.897,1,4279.613,1116.7478212829585,4279.613,Y0
22.0,9.0,1.0,0.0,0.0,1.0,2192.877,3836.986,1,3462.564,244.2423873407005,3462.564,Y0
31.0,4.0,1.0,0.0,0.0,1.0,8517.589,4023.211,1,7382.549,2839.539188992292,7382.549,Y0
24.0,10.0,1.0,0.0,1.0,1.0,11703.2,4078.152,1,0.0,8158.746943422038,0.0,Y0
29.0,10.0,1.0,0.0,0.0,1.0,0.0,4398.95,1,0.0,1968.8412050784766,0.0,Y0
29.0,12.0,1.0,0.0,0.0,0.0,9748.387,4878.937,1,10976.51,6018.819948883807,10976.51,Y0
19.0,10.0,0.0,0.0,0.0,1.0,0.0,5324.109,1,13829.62,2762.4584111642744,13829.62,Y0
19.0,11.0,0.0,1.0,1.0,1.0,5424.485,5463.803,1,6788.463,13338.070494880456,6788.463,Y0
31.0,9.0,1.0,0.0,0.0,1.0,10717.03,5517.841,1,9558.501,13107.733541800231,9558.501,Y0
22.0,10.0,1.0,0.0,1.0,1.0,1468.348,5588.664,1,13228.28,1301.8319384794554,13228.28,Y0
21.0,9.0,1.0,0.0,0.0,1.0,6416.47,5749.331,1,743.6666,4750.10259219888,743.6666,Y0
17.0,10.0,1.0,0.0,0.0,1.0,1291.468,5793.852,1,5522.788,3894.5281795208516,5522.788,Y0
26.0,12.0,1.0,0.0,1.0,0.0,8408.762,5794.831,1,1424.944,7556.132029618307,1424.944,Y0
20.0,9.0,0.0,1.0,0.0,1.0,12260.78,5875.049,1,1358.643,14850.13145158083,1358.643,Y0
19.0,10.0,1.0,0.0,0.0,1.0,4121.949,6056.754,1,0.0,6063.676678223248,0.0,Y0
26.0,10.0,1.0,0.0,0.0,1.0,25929.68,6788.958,1,672.8773,8250.287742589548,672.8773,Y0
28.0,11.0,1.0,0.0,0.0,1.0,1929.029,6871.856,1,0.0,4239.861312847389,0.0,Y0
22.0,12.0,0.0,1.0,1.0,0.0,492.2305,7055.702,1,10092.83,14231.98556925353,10092.83,Y0
33.0,11.0,1.0,0.0,0.0,1.0,0.0,7867.916,1,6281.433,5907.4408423630475,6281.433,Y0
22.0,12.0,0.0,0.0,0.0,0.0,6759.994,8455.504,1,12590.71,34915.00737432373,12590.71,Y0
29.0,10.0,0.0,1.0,0.0,1.0,0.0,8853.674,1,5112.014,14802.167854688445,5112.014,Y0
33.0,12.0,1.0,0.0,1.0,0.0,20279.95,10941.35,1,15952.6,2717.3548767620678,15952.6,Y0
25.0,14.0,1.0,0.0,1.0,0.0,35040.07,11536.57,1,36646.95,5961.64145601527,36646.95,Y0
35.0,9.0,1.0,0.0,1.0,1.0,13602.43,13830.64,1,12803.97,585.4684482932993,12803.97,Y0
35.0,8.0,1.0,0.0,1.0,1.0,13732.07,17976.15,1,3786.628,2226.0427248421693,3786.628,Y0
33.0,11.0,1.0,0.0,1.0,1.0,14660.71,25142.24,1,4181.942,5556.746799261553,4181.942,Y0
23.0,10.0,1.0,0.0,0.0,1.0,0.0,0.0,0,0.0,0.0,2477.3739691925916,Y1
26.0,12.0,0.0,0.0,0.0,0.0,0.0,0.0,0,12383.68,12383.68,12222.192399518497,Y1
22.0,9.0,1.0,0.0,0.0,1.0,0.0,0.0,0,0.0,0.0,3729.04199406685,Y1
18.0,9.0,1.0,0.0,0.0,1.0,0.0,0.0,0,10740.08,10740.08,3845.759219692859,Y1
45.0,11.0,1.0,0.0,0.0,1.0,0.0,0.0,0,11796.47,11796.47,1153.3020807797425,Y1
18.0,9.0,1.0,0.0,0.0,1.0,0.0,0.0,0,9227.052,9227.052,3845.759219692859,Y1
24.0,8.0,0.0,0.0,0.0,1.0,0.0,0.0,0,10569.27,10569.27,1900.288000182377,Y1
34.0,11.0,1.0,0.0,1.0,1.0,0.0,0.0,0,6040.335,6040.335,9083.576669349137,Y1
24.0,4.0,0.0,1.0,0.0,1.0,0.0,0.0,0,3880.833,3880.833,4472.408012209011,Y1
36.0,10.0,1.0,0.0,0.0,1.0,0.0,0.0,0,0.0,0.0,5649.536284373449,Y1
21.0,14.0,1.0,0.0,0.0,0.0,0.0,0.0,0,5775.062,5775.062,17162.844151122303,Y1
28.0,9.0,1.0,0.0,0.0,1.0,0.0,0.0,0,0.0,0.0,6479.03333407249,Y1
27.0,7.0,1.0,0.0,1.0,1.0,0.0,0.0,0,0.0,0.0,1485.5159119884581,Y1
19.0,11.0,0.0,0.0,0.0,1.0,0.0,0.0,0,0.0,0.0,7409.400112574139,Y1
20.0,8.0,1.0,0.0,0.0,1.0,0.0,0.0,0,0.0,0.0,1012.828743880083,Y1
34.0,12.0,1.0,0.0,0.0,0.0,0.0,0.0,0,2113.722,2113.722,9888.83126944265,Y1
24.0,10.0,1.0,0.0,0.0,1.0,0.0,0.0,0,7618.639,7618.639,2477.3739691925916,Y1
22.0,8.0,0.0,1.0,0.0,1.0,0.0,0.0,0,9920.945,9920.945,3241.8917543545754,Y1
25.0,11.0,1.0,0.0,0.0,1.0,0.0,0.0,0,4196.375,4196.375,3226.746680273484,Y1
39.0,9.0,1.0,0.0,0.0,1.0,0.0,0.0,0,0.0,0.0,2096.241075085105,Y1
19.0,9.0,1.0,0.0,1.0,1.0,0.0,0.0,0,16658.25,16658.25,8597.12497773742,Y1
44.0,9.0,1.0,0.0,0.0,1.0,0.0,0.0,0,9722.003,9722.003,-1671.6885179163562,Y1
27.0,8.0,1.0,0.0,0.0,1.0,0.0,0.0,0,3783.66,3783.66,1555.6369450381887,Y1
25.0,8.0,1.0,0.0,0.0,1.0,0.0,0.0,0,3515.929,3515.929,-137.16699725861076,Y1
31.0,10.0,1.0,0.0,0.0,1.0,0.0,0.0,0,17014.59,17014.59,6843.287871929513,Y1
34.0,10.0,1.0,0.0,1.0,1.0,0.0,0.0,0,0.0,0.0,7960.684138374163,Y1
21.0,7.0,0.0,1.0,0.0,1.0,0.0,0.0,0,0.0,0.0,2709.6374262406066,Y1
33.0,12.0,1.0,0.0,0.0,0.0,0.0,0.0,0,5970.257,5970.257,9888.83126944265,Y1
18.0,10.0,0.0,1.0,0.0,1.0,0.0,0.0,0,1859.167,1859.167,7453.870820022121,Y1
26.0,12.0,1.0,0.0,1.0,0.0,0.0,0.0,0,6191.943,6191.943,10491.752524816826,Y1
31.0,12.0,1.0,0.0,0.0,0.0,0.0,0.0,0,7284.394,7284.394,9406.764972715371,Y1
35.0,10.0,1.0,0.0,0.0,1.0,0.0,0.0,0,445.8309,445.8309,5649.536284373449,Y1
20.0,12.0,1.0,0.0,0.0,0.0,0.0,0.0,0,0.0,0.0,2546.041367321888,Y1
25.0,11.0,1.0,0.0,0.0,1.0,0.0,0.0,0,0.0,0.0,3226.746680273484,Y1
25.0,10.0,1.0,0.0,0.0,1.0,0.0,0.0,0,7367.04,7367.04,2677.6390120476617,Y1
35.0,11.0,1.0,0.0,0.0,1.0,0.0,0.0,0,0.0,0.0,8132.479979555048,Y1
20.0,10.0,1.0,0.0,0.0,1.0,0.0,0.0,0,2015.503,2015.503,3723.3401867338544,Y1
25.0,9.0,0.0,1.0,0.0,1.0,0.0,0.0,0,15791.13,15791.13,8033.50027894768,Y1
27.0,10.0,1.0,0.0,0.0,1.0,0.0,0.0,0,1135.47,1135.47,4900.508991744198,Y1
20.0,11.0,0.0,1.0,0.0,1.0,0.0,0.0,0,6378.72,6378.72,6619.004307681685,Y1
26.0,11.0,1.0,0.0,0.0,1.0,0.0,0.0,0,7176.187,7176.187,9173.388835952002,Y1
38.0,8.0,1.0,0.0,0.0,1.0,0.0,0.0,0,0.0,0.0,-1164.0912907450586,Y1
34.0,10.0,1.0,0.0,0.0,1.0,0.0,0.0,0,7952.54,7952.54,5649.536284373449,Y1
19.0,12.0,1.0,0.0,0.0,0.0,0.0,0.0,0,0.0,0.0,4699.03078764517,Y1
32.0,8.0,1.0,0.0,0.0,1.0,0.0,0.0,0,7152.132,7152.132,2684.4451081629327,Y1
20.0,9.0,0.0,1.0,0.0,1.0,0.0,0.0,0,8329.823,8329.823,6344.1398807008745,Y1
23.0,10.0,1.0,0.0,0.0,1.0,0.0,0.0,0,0.0,0.0,2477.3739691925916,Y1
38.0,10.0,1.0,0.0,0.0,1.0,0.0,0.0,0,12429.91,12429.91,2096.241075085105,Y1
24.0,11.0,1.0,0.0,0.0,1.0,0.0,0.0,0,0.0,0.0,3026.481637418414,Y1
23.0,11.0,1.0,0.0,0.0,1.0,0.0,0.0,0,5088.76,5088.76,3026.481637418414,Y1
20.0,7.0,0.0,1.0,0.0,1.0,0.0,0.0,0,4374.04,4374.04,2645.251087969679,Y1
21.0,11.0,1.0,0.0,0.0,1.0,0.0,0.0,0,1553.291,1553.291,4441.1287596831135,Y1
25.0,10.0,1.0,0.0,0.0,1.0,0.0,0.0,0,0.0,0.0,2677.6390120476617,Y1
22.0,11.0,1.0,0.0,1.0,1.0,0.0,0.0,0,1698.304,1698.304,4511.58159156508,Y1
23.0,11.0,1.0,0.0,0.0,1.0,0.0,0.0,0,0.0,0.0,3026.481637418414,Y1
24.0,12.0,0.0,0.0,0.0,0.0,0.0,0.0,0,11294.63,11294.63,7068.826360692012,Y1
29.0,11.0,1.0,0.0,0.0,1.0,0.0,0.0,0,0.0,0.0,7749.416584864082,Y1
24.0,11.0,1.0,0.0,0.0,1.0,0.0,0.0,0,14626.39,14626.39,3026.481637418414,Y1
22.0,9.0,1.0,0.0,0.0,1.0,0.0,0.0,0,12898.38,12898.38,3729.04199406685,Y1
28.0,11.0,1.0,0.0,0.0,1.0,0.0,0.0,0,5767.133,5767.133,9354.426567704784,Y1
18.0,10.0,0.0,1.0,0.0,1.0,0.0,0.0,0,6527.919,6527.919,7453.870820022121,Y1
26.0,10.0,1.0,0.0,0.0,1.0,0.0,0.0,0,3931.238,3931.238,6460.974699710134,Y1
25.0,10.0,1.0,0.0,0.0,1.0,0.0,0.0,0,20942.24,20942.24,2677.6390120476617,Y1
24.0,10.0,1.0,0.0,0.0,1.0,0.0,0.0,0,0.0,0.0,2477.3739691925916,Y1
26.0,5.0,1.0,0.0,0.0,1.0,0.0,0.0,0,0.0,0.0,9471.59889713137,Y1
36.0,10.0,1.0,0.0,0.0,1.0,0.0,0.0,0,14690.35,14690.35,5649.536284373449,Y1
22.0,11.0,1.0,0.0,0.0,1.0,0.0,0.0,0,0.0,0.0,4441.1287596831135,Y1
25.0,12.0,1.0,0.0,0.0,0.0,0.0,0.0,0,3418.097,3418.097,4939.824435935579,Y1
27.0,11.0,1.0,0.0,0.0,1.0,0.0,0.0,0,11197.34,11197.34,7612.923127986058,Y1
29.0,8.0,1.0,0.0,0.0,1.0,0.0,0.0,0,0.0,0.0,1580.8726246805554,Y1
24.0,12.0,1.0,0.0,0.0,0.0,0.0,0.0,0,0.0,0.0,4739.559393080507,Y1
22.0,10.0,1.0,0.0,0.0,1.0,0.0,0.0,0,0.0,0.0,3892.021091457289,Y1
24.0,7.0,1.0,0.0,0.0,1.0,0.0,0.0,0,1455.69,1455.69,-807.1581539687429,Y1
29.0,12.0,1.0,0.0,0.0,0.0,0.0,0.0,0,1890.937,1890.937,9462.494340526167,Y1
25.0,11.0,0.0,1.0,1.0,1.0,0.0,0.0,0,4485.616,4485.616,8342.601970840897,Y1
30.0,12.0,1.0,0.0,0.0,0.0,0.0,0.0,0,13613.35,13613.35,12039.484794458049,Y1
22.0,8.0,1.0,0.0,0.0,1.0,0.0,0.0,0,1390.509,1390.509,1077.2150821510154,Y1
55.0,3.0,1.0,0.0,0.0,1.0,0.0,0.0,0,5843.796,5843.796,6086.558239186198,Y1
20.0,10.0,1.0,0.0,0.0,1.0,0.0,0.0,0,8598.522,8598.522,3723.3401867338544,Y1
34.0,11.0,1.0,0.0,0.0,1.0,0.0,0.0,0,2920.199,2920.199,8132.479979555048,Y1
22.0,12.0,1.0,0.0,0.0,0.0,0.0,0.0,0,0.0,0.0,6764.9061291961625,Y1
32.0,12.0,0.0,1.0,1.0,0.0,0.0,0.0,0,6735.32,6735.32,19157.140822758236,Y1
31.0,10.0,1.0,0.0,0.0,1.0,0.0,0.0,0,0.0,0.0,6843.287871929513,Y1
18.0,9.0,1.0,0.0,0.0,1.0,0.0,0.0,0,0.0,0.0,3845.759219692859,Y1
50.0,10.0,0.0,1.0,0.0,1.0,0.0,0.0,0,0.0,0.0,10323.078516303704,Y1
25.0,11.0,1.0,0.0,1.0,1.0,0.0,0.0,0,44.75546,44.75546,2888.6821762557533,Y1
23.0,10.0,1.0,0.0,1.0,1.0,0.0,0.0,0,0.0,0.0,3947.2952354036483,Y1
38.0,10.0,1.0,0.0,0.0,1.0,0.0,0.0,0,0.0,0.0,2096.241075085105,Y1
25.0,10.0,1.0,0.0,1.0,1.0,0.0,0.0,0,3701.812,3701.812,4147.560278258719,Y1
42.0,10.0,1.0,0.0,0.0,1.0,0.0,0.0,0,6930.336,6930.336,2626.9357690106963,Y1
39.0,12.0,1.0,0.0,1.0,0.0,0.0,0.0,0,3795.799,3795.799,8151.091343371965,Y1
34.0,13.0,1.0,0.0,1.0,0.0,0.0,0.0,0,5193.247,5193.247,13956.504843719418,Y1
24.0,7.0,1.0,0.0,0.0,1.0,0.0,0.0,0,2193.528,2193.528,-807.1581539687429,Y1
32.0,11.0,1.0,0.0,0.0,1.0,0.0,0.0,0,11120.53,11120.53,8556.323609109642,Y1
27.0,13.0,1.0,0.0,0.0,0.0,0.0,0.0,0,7609.518,7609.518,14106.74509285462,Y1
26.0,10.0,1.0,0.0,0.0,1.0,0.0,0.0,0,2169.027,2169.027,6460.974699710134,Y1
44.0,11.0,1.0,0.0,0.0,1.0,0.0,0.0,0,0.0,0.0,811.2551772652477,Y1
25.0,11.0,1.0,0.0,0.0,1.0,0.0,0.0,0,1264.232,1264.232,3226.746680273484,Y1
25.0,12.0,1.0,0.0,0.0,0.0,0.0,0.0,0,0.0,0.0,4939.824435935579,Y1
28.0,12.0,1.0,0.0,1.0,0.0,0.0,0.0,0,0.0,0.0,10672.790256569615,Y1
32.0,10.0,1.0,0.0,0.0,1.0,0.0,0.0,0,0.0,0.0,6073.379913928044,Y1
22.0,10.0,1.0,0.0,0.0,1.0,0.0,0.0,0,0.0,0.0,3892.021091457289,Y1
19.0,9.0,1.0,0.0,0.0,1.0,0.0,0.0,0,5712.643,5712.643,8421.283997042065,Y1
31.0,10.0,1.0,0.0,1.0,1.0,0.0,0.0,0,0.0,0.0,8522.006168210517,Y1
23.0,11.0,1.0,0.0,0.0,1.0,0.0,0.0,0,0.0,0.0,3026.481637418414,Y1
33.0,11.0,1.0,0.0,0.0,1.0,0.0,0.0,0,0.0,0.0,8132.479979555048,Y1
27.0,10.0,1.0,0.0,0.0,1.0,0.0,0.0,0,1184.882,1184.882,4900.508991744198,Y1
29.0,11.0,1.0,0.0,1.0,1.0,0.0,0.0,0,10225.88,10225.88,7713.768314282299,Y1
23.0,10.0,1.0,0.0,0.0,1.0,0.0,0.0,0,0.0,0.0,2477.3739691925916,Y1
25.0,9.0,1.0,0.0,1.0,1.0,0.0,0.0,0,4715.371,4715.371,2705.4679653926078,Y1
25.0,10.0,1.0,0.0,0.0,1.0,0.0,0.0,0,289.7899,289.7899,2677.6390120476617,Y1
24.0,10.0,1.0,0.0,0.0,1.0,0.0,0.0,0,0.0,0.0,2477.3739691925916,Y1
28.0,8.0,0.0,0.0,0.0,1.0,0.0,0.0,0,8190.421,8190.421,6125.7176437522985,Y1
26.0,6.0,1.0,0.0,0.0,1.0,0.0,0.0,0,4813.05,4813.05,2646.376539149062,Y1
30.0,14.0,1.0,0.0,1.0,0.0,0.0,0.0,0,7344.678,7344.678,16333.134479911518,Y1
25.0,10.0,1.0,0.0,1.0,1.0,0.0,0.0,0,0.0,0.0,4147.560278258719,Y1
29.0,11.0,1.0,0.0,1.0,1.0,0.0,0.0,0,0.0,0.0,7713.768314282299,Y1
25.0,12.0,1.0,0.0,1.0,0.0,0.0,0.0,0,0.0,0.0,4545.110369138324,Y1
28.0,13.0,1.0,0.0,0.0,0.0,0.0,0.0,0,0.0,0.0,14904.552705081273,Y1
23.0,11.0,1.0,0.0,0.0,1.0,0.0,0.0,0,4350.907,4350.907,3026.481637418414,Y1
54.0,11.0,1.0,0.0,0.0,1.0,0.0,0.0,0,7812.522,7812.522,1153.3020807797425,Y1
33.0,5.0,0.0,1.0,0.0,1.0,0.0,0.0,0,0.0,0.0,24772.422971022006,Y1
20.0,8.0,1.0,0.0,0.0,1.0,0.0,0.0,0,3644.655,3644.655,1012.828743880083,Y1
45.0,9.0,1.0,0.0,0.0,1.0,0.0,0.0,0,4844.803,4844.803,-1329.6416144018613,Y1
39.0,6.0,1.0,0.0,0.0,1.0,0.0,0.0,0,0.0,0.0,-1633.8174046001202,Y1
26.0,12.0,1.0,0.0,0.0,0.0,0.0,0.0,0,0.0,0.0,10886.466591614078,Y1
23.0,10.0,1.0,0.0,0.0,1.0,0.0,0.0,0,0.0,0.0,2477.3739691925916,Y1
27.0,12.0,0.0,0.0,0.0,0.0,0.0,0.0,0,14792.9,14792.9,10661.726691552562,Y1
33.0,9.0,0.0,1.0,1.0,1.0,0.0,0.0,0,0.0,0.0,23840.52114548584,Y1
25.0,10.0,1.0,0.0,1.0,1.0,0.0,0.0,0,0.0,0.0,4147.560278258719,Y1
23.0,8.0,1.0,0.0,0.0,1.0,0.0,0.0,0,3746.701,3746.701,-337.4320401136805,Y1
18.0,8.0,1.0,0.0,0.0,1.0,0.0,0.0,0,1568.15,1568.15,1193.9323077770268,Y1
17.0,8.0,1.0,0.0,0.0,1.0,0.0,0.0,0,7010.444,7010.444,2029.5421437234436,Y1
19.0,9.0,0.0,1.0,0.0,1.0,0.0,0.0,0,3811.683,3811.683,11100.768221947023,Y1
18.0,8.0,0.0,1.0,0.0,1.0,0.0,0.0,0,10798.56,10798.56,3358.6089799805886,Y1
18.0,11.0,1.0,0.0,0.0,1.0,0.0,0.0,0,4657.273,4657.273,3318.4082423050672,Y1
17.0,11.0,1.0,0.0,0.0,1.0,0.0,0.0,0,8551.533,8551.533,2968.4032394517926,Y1
19.0,10.0,1.0,0.0,0.0,1.0,0.0,0.0,0,4309.878,4309.878,5470.123394905906,Y1
19.0,10.0,1.0,0.0,0.0,1.0,0.0,0.0,0,5286.396,5286.396,5470.123394905906,Y1
18.0,9.0,1.0,0.0,0.0,1.0,0.0,0.0,0,12486.17,12486.17,3845.759219692859,Y1
18.0,9.0,1.0,0.0,0.0,1.0,0.0,0.0,0,10877.35,10877.35,3845.759219692859,Y1
18.0,10.0,1.0,0.0,0.0,1.0,0.0,0.0,0,202.2847,202.2847,4774.3865951171665,Y1
17.0,10.0,1.0,0.0,0.0,1.0,0.0,0.0,0,2657.705,2657.705,4314.128776467525,Y1
18.0,7.0,1.0,0.0,0.0,1.0,0.0,0.0,0,4132.577,4132.577,724.2061939219647,Y1
18.0,11.0,1.0,0.0,0.0,1.0,0.0,0.0,0,11303.14,11303.14,3318.4082423050672,Y1
19.0,10.0,0.0,1.0,0.0,1.0,0.0,0.0,0,0.0,0.0,8149.607619810859,Y1
18.0,9.0,1.0,0.0,0.0,1.0,0.0,0.0,0,0.0,0.0,3845.759219692859,Y1
17.0,10.0,1.0,0.0,0.0,1.0,0.0,0.0,0,0.0,0.0,4314.128776467525,Y1
17.0,10.0,1.0,0.0,0.0,1.0,0.0,0.0,0,2189.426,2189.426,4314.128776467525,Y1
19.0,11.0,1.0,0.0,0.0,1.0,0.0,0.0,0,0.0,0.0,5281.823934301889,Y1
17.0,8.0,0.0,0.0,0.0,1.0,0.0,0.0,0,10210.99,10210.99,3707.2313389996193,Y1
18.0,10.0,1.0,0.0,0.0,1.0,0.0,0.0,0,11048.08,11048.08,4774.3865951171665,Y1
18.0,9.0,1.0,0.0,0.0,1.0,0.0,0.0,0,0.0,0.0,3845.759219692859,Y1
17.0,8.0,1.0,0.0,0.0,1.0,0.0,0.0,0,8993.865,8993.865,2029.5421437234436,Y1
19.0,6.0,0.0,1.0,0.0,1.0,0.0,0.0,0,5071.801,5071.801,7401.879429215823,Y1
19.0,10.0,0.0,0.0,0.0,1.0,0.0,0.0,0,3194.01,3194.01,7662.620142883472,Y1
17.0,11.0,0.0,0.0,0.0,1.0,0.0,0.0,0,0.0,0.0,5095.9794177240465,Y1
20.0,9.0,1.0,0.0,0.0,1.0,0.0,0.0,0,5193.089,5193.089,3664.6556557959166,Y1
17.0,9.0,1.0,0.0,0.0,1.0,0.0,0.0,0,0.0,0.0,3250.284653833293,Y1
17.0,10.0,1.0,0.0,0.0,1.0,0.0,0.0,0,275.5661,275.5661,4314.128776467525,Y1
17.0,9.0,1.0,0.0,0.0,1.0,0.0,0.0,0,3590.702,3590.702,3250.284653833293,Y1
19.0,11.0,1.0,0.0,0.0,1.0,0.0,0.0,0,0.0,0.0,5281.823934301889,Y1
19.0,10.0,1.0,0.0,1.0,1.0,0.0,0.0,0,12797.67,12797.67,6925.0775910769335,Y1
20.0,9.0,1.0,0.0,0.0,1.0,0.0,0.0,0,2035.914,2035.914,3664.6556557959166,Y1
18.0,9.0,1.0,0.0,0.0,1.0,0.0,0.0,0,2389.679,2389.679,3845.759219692859,Y1
18.0,11.0,1.0,0.0,0.0,1.0,0.0,0.0,0,0.0,0.0,3318.4082423050672,Y1
17.0,10.0,0.0,1.0,0.0,1.0,0.0,0.0,0,8469.275,8469.275,6993.61300137248,Y1
19.0,11.0,1.0,0.0,0.0,1.0,0.0,0.0,0,0.0,0.0,5281.823934301889,Y1
17.0,10.0,1.0,0.0,0.0,1.0,0.0,0.0,0,1143.387,1143.387,4314.128776467525,Y1
17.0,9.0,0.0,1.0,0.0,1.0,0.0,0.0,0,5114.814,5114.814,5929.768878738249,Y1
18.0,10.0,1.0,0.0,0.0,1.0,0.0,0.0,0,781.2243,781.2243,4774.3865951171665,Y1
21.0,9.0,1.0,0.0,0.0,1.0,591.4991,0.0,0,3343.224,3343.224,3729.04199406685,Y1
18.0,10.0,1.0,0.0,0.0,1.0,1563.249,0.0,0,9602.439,9602.439,3887.3945788129,Y1
19.0,11.0,1.0,0.0,0.0,1.0,1626.623,0.0,0,0.0,0.0,4154.555886193579,Y1
24.0,9.0,1.0,0.0,0.0,1.0,2788.498,0.0,0,16461.57,16461.57,113.7165772282645,Y1
28.0,11.0,0.0,1.0,1.0,1.0,3472.948,0.0,0,6771.622,6771.622,7115.393240377122,Y1
25.0,11.0,1.0,0.0,0.0,1.0,5281.245,0.0,0,0.0,0.0,-1474.9862265157956,Y1
21.0,7.0,1.0,0.0,0.0,1.0,33799.95,0.0,0,11011.57,11011.57,24843.421980265826,Y1
39.0,11.0,1.0,0.0,0.0,1.0,0.0,83.68964,0,0.0,0.0,3543.1023196138995,Y1
36.0,12.0,1.0,0.0,0.0,0.0,0.0,142.3973,0,0.0,0.0,9720.813849774695,Y1
24.0,12.0,1.0,0.0,0.0,0.0,0.0,159.8847,0,0.0,0.0,4739.559393080507,Y1
17.0,11.0,1.0,0.0,0.0,1.0,989.2678,165.2077,0,4251.127,4251.127,1407.946341345113,Y1
18.0,10.0,1.0,0.0,0.0,1.0,960.4268,240.1067,0,2891.668,2891.668,3098.336549518037,Y1
18.0,10.0,1.0,0.0,0.0,1.0,0.0,273.5525,0,5514.365,5514.365,4774.3865951171665,Y1
28.0,10.0,1.0,0.0,0.0,1.0,1471.293,367.8234,0,4858.895,4858.895,8561.255993341138,Y1
27.0,13.0,0.0,0.0,0.0,0.0,5214.306,474.5018,0,4812.576,4812.576,4384.747387651401,Y1
31.0,12.0,0.0,0.0,0.0,0.0,0.0,494.643,0,0.0,0.0,11809.029409931707,Y1
22.0,9.0,1.0,0.0,0.0,1.0,0.0,506.4076,0,604.1987,604.1987,6735.0010370990785,Y1
31.0,10.0,1.0,0.0,0.0,1.0,0.0,520.4463,0,14527.88,14527.88,9849.246914961737,Y1
26.0,10.0,1.0,0.0,1.0,1.0,6140.367,558.7734,0,0.0,0.0,6746.7199061787705,Y1
18.0,9.0,0.0,0.0,0.0,1.0,0.0,559.596,0,7300.498,7300.498,10216.162070904917,Y1
23.0,11.0,1.0,0.0,0.0,1.0,6382.309,580.7901,0,0.0,0.0,2263.922223204979,Y1
20.0,12.0,1.0,0.0,0.0,0.0,0.0,591.8151,0,4159.919,4159.919,6417.138521173706,Y1
19.0,10.0,1.0,0.0,0.0,1.0,0.0,604.1539,0,0.0,0.0,9987.55599347935,Y1
18.0,11.0,1.0,0.0,0.0,1.0,1064.699,645.2723,0,5497.591,5497.591,4197.655722532812,Y1
17.0,10.0,1.0,0.0,0.0,1.0,0.0,664.569,0,0.0,0.0,9101.679914878168,Y1
27.0,12.0,1.0,0.0,1.0,0.0,0.0,752.3901,0,0.0,0.0,13769.094007440715,Y1
27.0,11.0,1.0,0.0,0.0,1.0,3065.194,766.2986,0,0.0,0.0,5701.001401034928,Y1
28.0,12.0,0.0,0.0,0.0,0.0,0.0,803.343,0,16477.02,16477.02,16625.56169637593,Y1
28.0,11.0,1.0,0.0,0.0,1.0,2431.949,863.4795,0,0.0,0.0,3360.161023141008,Y1
21.0,10.0,1.0,0.0,0.0,1.0,6661.063,1162.362,0,39483.53,39483.53,2572.797026094502,Y1
17.0,10.0,0.0,1.0,0.0,1.0,4905.119,1168.902,0,11306.27,11306.27,4539.361177281239,Y1
26.0,11.0,1.0,0.0,0.0,1.0,4699.963,1174.991,0,6672.021,6672.021,8779.726266295904,Y1
29.0,9.0,1.0,0.0,0.0,1.0,0.0,1203.824,0,9378.653,9378.653,23496.975545929083,Y1
17.0,10.0,0.0,1.0,0.0,1.0,1203.609,1239.628,0,5088.986,5088.986,7511.64838956857,Y1
22.0,11.0,1.0,0.0,0.0,1.0,7914.131,1321.66,0,2639.29,2639.29,27094.32228299836,Y1
24.0,11.0,1.0,0.0,0.0,1.0,0.0,1327.993,0,9495.902,9495.902,41995.03121623424,Y1
20.0,12.0,1.0,0.0,0.0,0.0,557.6988,1371.473,0,20893.11,20893.11,-626.4915822946509,Y1
18.0,12.0,1.0,0.0,0.0,0.0,0.0,1405.512,0,0.0,0.0,-189.67156616301693,Y1
24.0,11.0,0.0,0.0,0.0,1.0,2669.725,1468.383,0,10361.69,10361.69,3746.7304082675737,Y1
21.0,9.0,0.0,0.0,0.0,1.0,2988.412,1577.167,0,1740.199,1740.199,6494.244461566831,Y1
30.0,8.0,1.0,0.0,0.0,1.0,0.0,1706.657,0,0.0,0.0,2216.0710543432674,Y1
31.0,11.0,1.0,0.0,0.0,1.0,17711.88,1726.445,0,0.0,0.0,6988.597628767147,Y1
17.0,10.0,0.0,1.0,0.0,1.0,1442.681,1734.559,0,6354.194,6354.194,7940.8056196962025,Y1
19.0,9.0,1.0,0.0,0.0,1.0,8409.627,1778.089,0,7171.0,7171.0,9351.314491462386,Y1
23.0,11.0,1.0,0.0,0.0,1.0,0.0,1896.023,0,5573.547,5573.547,5895.626596930104,Y1
22.0,12.0,1.0,0.0,0.0,0.0,4380.017,2003.68,0,439.6881,439.6881,4164.914083672051,Y1
29.0,12.0,1.0,0.0,0.0,0.0,22859.44,2080.209,0,16969.95,16969.95,4529.571317026933,Y1
22.0,10.0,1.0,0.0,0.0,1.0,0.0,2174.955,0,5344.021,5344.021,7076.386282947795,Y1
29.0,13.0,1.0,0.0,0.0,0.0,718.2492,2265.579,0,2725.322,2725.322,7861.847572082564,Y1
19.0,11.0,1.0,0.0,0.0,1.0,721.3406,2445.589,0,9772.283,9772.283,6458.0040035051225,Y1
17.0,9.0,1.0,0.0,0.0,1.0,0.0,2595.267,0,0.0,0.0,6171.47854260231,Y1
18.0,10.0,1.0,0.0,0.0,1.0,1716.509,2682.125,0,0.0,0.0,5519.781998946923,Y1
19.0,12.0,1.0,0.0,0.0,0.0,8417.0,2814.195,0,1720.907,1720.907,4940.366082121226,Y1
20.0,6.0,1.0,0.0,0.0,1.0,6006.879,2850.61,0,0.0,0.0,5977.548860064329,Y1
33.0,11.0,1.0,0.0,0.0,1.0,10523.83,2899.82,0,18859.89,18859.89,7631.289766840813,Y1
36.0,11.0,0.0,1.0,0.0,1.0,5443.734,3063.878,0,1324.542,1324.542,14960.005046187425,Y1
25.0,11.0,1.0,0.0,0.0,1.0,15209.99,3072.726,0,284.6584,284.6584,323.3444111268699,Y1
19.0,11.0,1.0,0.0,0.0,1.0,3504.014,3285.68,0,11195.93,11195.93,4041.20205973292,Y1
23.0,8.0,1.0,0.0,0.0,1.0,7724.283,3403.056,0,0.0,0.0,3308.9282714723618,Y1
17.0,11.0,1.0,0.0,0.0,1.0,4080.73,3796.029,0,0.0,0.0,5035.38168148285,Y1
43.0,10.0,1.0,0.0,0.0,1.0,2502.868,4128.443,0,7565.273,7565.273,-3198.7720897103936,Y1
26.0,11.0,1.0,0.0,1.0,1.0,0.0,4184.732,0,0.0,0.0,6876.536044105145,Y1
27.0,11.0,1.0,0.0,1.0,1.0,0.0,4491.884,0,0.0,0.0,3648.0673077148736,Y1
19.0,11.0,1.0,0.0,0.0,1.0,6337.492,4503.064,0,0.0,0.0,4689.796905349071,Y1
28.0,11.0,1.0,0.0,1.0,1.0,8593.163,5393.895,0,4974.586,4974.586,9302.618954671812,Y1
28.0,12.0,1.0,0.0,1.0,0.0,10585.13,5551.456,0,12780.02,12780.02,9639.536857991403,Y1
26.0,8.0,1.0,0.0,0.0,1.0,1126.29,5562.598,0,3523.578,3523.578,7002.5170646859115,Y1
31.0,12.0,1.0,0.0,0.0,0.0,0.0,5613.909,0,0.0,0.0,11612.446173575132,Y1
23.0,11.0,1.0,0.0,0.0,1.0,7617.362,5716.407,0,10274.84,10274.84,1116.7289479265014,Y1
20.0,12.0,1.0,0.0,0.0,0.0,7182.492,6004.728,0,4779.72,4779.72,-913.5071558915497,Y1
28.0,10.0,1.0,0.0,1.0,1.0,8293.345,6449.48,0,16988.18,16988.18,744.8427779251642,Y1
39.0,12.0,1.0,0.0,1.0,0.0,19785.32,6608.137,0,499.2572,499.2572,3481.26093302732,Y1
21.0,8.0,1.0,0.0,0.0,1.0,39570.68,6608.304,0,3083.581,3083.581,23536.236874348757,Y1
22.0,11.0,1.0,0.0,0.0,1.0,8810.067,6974.484,0,3708.719,3708.719,3683.3424166091963,Y1
20.0,11.0,1.0,0.0,0.0,1.0,8009.164,7666.875,0,7659.218,7659.218,8358.33966323444,Y1
21.0,11.0,0.0,1.0,0.0,1.0,2992.534,8920.471,0,20857.84,20857.84,10442.085447736703,Y1
23.0,12.0,0.0,1.0,0.0,0.0,5721.696,8960.684,0,7078.178,7078.178,10428.164683208848,Y1
29.0,9.0,1.0,0.0,0.0,1.0,9268.943,9160.693,0,0.0,0.0,5392.402412237341,Y1
28.0,9.0,1.0,0.0,1.0,1.0,10222.41,9210.447,0,1239.844,1239.844,6249.340232021905,Y1
30.0,11.0,1.0,0.0,1.0,1.0,0.0,9311.938,0,3982.801,3982.801,3681.4810180189834,Y1
25.0,10.0,1.0,0.0,1.0,1.0,13519.97,9319.444,0,0.0,0.0,8874.268707655396,Y1
28.0,11.0,1.0,0.0,1.0,1.0,824.3889,10033.91,0,0.0,0.0,8704.368993540535,Y1
22.0,10.0,0.0,0.0,0.0,1.0,27864.36,10598.67,0,7094.92,7094.92,12788.462675857525,Y1
44.0,9.0,1.0,0.0,1.0,1.0,12260.78,10857.24,0,12359.31,12359.31,2241.928866588495,Y1
21.0,9.0,1.0,0.0,0.0,1.0,31886.43,12357.22,0,0.0,0.0,31938.20916671577,Y1
28.0,11.0,1.0,0.0,0.0,1.0,17491.45,13371.25,0,0.0,0.0,12764.46307354802,Y1
29.0,9.0,0.0,1.0,0.0,1.0,9594.308,16341.16,0,16900.3,16900.3,10520.683138024458,Y1
25.0,9.0,1.0,0.0,1.0,1.0,24731.62,16946.63,0,7343.964,7343.964,5012.270631957283,Y1
22.0,10.0,0.0,0.0,1.0,1.0,25720.92,23031.98,0,5448.801,5448.801,7385.44424179675,Y1
